source,target,weight,weight2,color_dist,boundary_contrast
0,1,143.13130266146106,0.5612992261233768,0.5612992261233768,0.0
0,21,68.22561602769991,0.26755143540274473,0.26755143540274473,0.0
0,27,19.31483326437246,0.07574444417400965,0.07574444417400965,0.0
1,2,10.713474689335296,0.04201362623268743,0.04201362623268743,0.0
1,21,211.31227229359845,0.8286755776219548,0.8286755776219548,0.0
2,3,26.193467912916432,0.10271948201143698,0.10271948201143698,0.0
2,21,222.01024752689122,0.870628421674083,0.870628421674083,0.0
2,26,180.37114480505565,0.7073378227649241,0.7073378227649241,0.0
3,4,37.32711071847053,0.14638082634694324,0.14638082634694324,0.0
3,26,154.36070822470037,0.6053361106850995,0.6053361106850995,0.0
3,5,116.48677638743871,0.4568108877938773,0.4568108877938773,0.0
4,5,153.69292764791012,0.6027173633251377,0.6027173633251377,0.0
5,6,154.54313351409013,0.6060515039768242,0.6060515039768242,0.0
5,25,37.25655807487576,0.14610414931323829,0.14610414931323829,0.0
5,22,100.3452771334263,0.39351089071931883,0.39351089071931883,0.0
5,26,37.94828889843552,0.14881681920955106,0.14881681920955106,0.0
5,33,40.85893739482683,0.1602311270385366,0.1602311270385366,0.0
5,43,40.26021527941959,0.15788319717419447,0.15788319717419447,0.0
6,7,1.5038168723973553,0.005897321068224923,0.005897321068224923,0.0
6,8,12.898342897116143,0.050581736851435855,0.050581736851435855,0.0
6,22,54.26322730108354,0.21279696980817076,0.21279696980817076,0.0
7,8,14.397505395757525,0.056460805473558924,0.056460805473558924,0.0
8,9,139.2681912728269,0.5461497696973605,0.5461497696973605,0.0
8,23,149.47406849009394,0.5861728176082115,0.5861728176082115,0.0
8,22,41.36552993522051,0.1622177644518451,0.1622177644518451,0.0
9,10,121.14495162523328,0.4750782416675814,0.4750782416675814,0.0
9,20,33.817949659282355,0.13261941042855827,0.13261941042855827,0.0
9,23,10.311859413001491,0.04043866436471173,0.04043866436471173,0.0
9,28,103.63597724790915,0.40641559705062413,0.40641559705062413,0.0
9,34,58.21287476398275,0.2282857833881676,0.2282857833881676,0.0
9,35,83.02604266410187,0.3255923241729485,0.3255923241729485,0.0
9,41,132.45294225487527,0.5194233029602952,0.5194233029602952,0.0
9,33,43.2104993107887,0.16945293847368118,0.16945293847368118,0.0
9,53,41.17770721651637,0.16148120477065242,0.16148120477065242,0.0
9,56,70.14924222853622,0.27509506756288715,0.27509506756288715,0.0
9,58,35.06664676546167,0.13751626182533988,0.13751626182533988,0.0
10,11,1.697967187869007,0.006658694854388263,0.006658694854388263,0.0
10,20,154.9627835675945,0.6076971904611549,0.6076971904611549,0.0
11,12,123.87755945728078,0.4857943508128658,0.4857943508128658,0.0
11,20,153.83335193177845,0.6032680467912881,0.6032680467912881,0.0
12,13,1.6674179667704478,0.00653889398733509,0.00653889398733509,0.0
12,20,29.97420894886996,0.11754591744654885,0.11754591744654885,0.0
12,32,115.64468159665235,0.4535085552809896,0.4535085552809896,0.0
12,39,99.78543800637712,0.39131544316226324,0.39131544316226324,0.0
12,42,15.78666106240025,0.06190847475451079,0.06190847475451079,0.0
12,56,73.92853118610674,0.2899158085729676,0.2899158085729676,0.0
12,55,35.664011256596936,0.13985886767292913,0.13985886767292913,0.0
13,14,156.68855969920918,0.6144649399968987,0.6144649399968987,0.0
13,15,148.62256037783436,0.5828335701091544,0.5828335701091544,0.0
13,24,12.685574774367462,0.04974735205634298,0.04974735205634298,0.0
13,29,95.86653859179933,0.3759472101639189,0.3759472101639189,0.0
13,16,35.907638241582,0.14081426761404703,0.14081426761404703,0.0
13,37,58.050818057232725,0.22765026689110876,0.22765026689110876,0.0
13,39,98.73174663692919,0.3871833201448203,0.3871833201448203,0.0
13,40,30.282983315856306,0.11875679731708355,0.11875679731708355,0.0
13,42,14.59094511946043,0.05721939262533502,0.05721939262533502,0.0
13,50,44.542718446375424,0.17467732724068794,0.17467732724068794,0.0
14,15,8.073826210130955,0.031662063569141,0.031662063569141,0.0
15,16,112.71526549246366,0.4420206489900535,0.4420206489900535,0.0
15,24,161.11561632250414,0.6318259463627613,0.6318259463627613,0.0
16,17,116.61797131250576,0.457325377696101,0.457325377696101,0.0
16,18,63.11312118431992,0.24750243601694089,0.24750243601694089,0.0
16,24,48.44296265555007,0.18997240257078457,0.18997240257078457,0.0
16,29,131.46353881760146,0.5155432894807901,0.5155432894807901,0.0
16,36,135.46836123319298,0.5312484754242862,0.5312484754242862,0.0
16,40,66.0627779124071,0.25906971730355727,0.25906971730355727,0.0
16,46,29.777162515854286,0.11677318633668347,0.11677318633668347,0.0
17,18,179.6728973653253,0.7045995975110795,0.7045995975110795,0.0
18,19,65.19943158385351,0.2556840454268765,0.2556840454268765,0.0
18,36,72.71154863577785,0.28514332798344255,0.28514332798344255,0.0
20,28,137.4465516409702,0.5390060848665497,0.5390060848665497,0.0
20,35,49.38589195500017,0.19367016452941244,0.19367016452941244,0.0
20,56,103.55012449441668,0.40607891958594783,0.40607891958594783,0.0
21,27,49.09405252401385,0.19252569617260334,0.19252569617260334,0.0
21,26,41.78536919078878,0.16386419290505405,0.16386419290505405,0.0
21,31,30.675172425243513,0.12029479382448438,0.12029479382448438,0.0
21,44,65.2311138643139,0.25580828966397606,0.25580828966397606,0.0
22,23,108.15590928140227,0.4241408207113815,0.4241408207113815,0.0
22,25,137.553962230097,0.5394273028631255,0.5394273028631255,0.0
23,25,29.47299778314064,0.11558038346329663,0.11558038346329663,0.0
23,30,25.374496915627255,0.09950783104167553,0.09950783104167553,0.0
23,33,33.10831339795396,0.1298365231292312,0.1298365231292312,0.0
23,34,48.17915820988598,0.18893787533288617,0.18893787533288617,0.0
24,29,83.24042534429196,0.3264330405658509,0.3264330405658509,0.0
25,33,4.077332353700527,0.015989538641962852,0.015989538641962852,0.0
26,44,23.46896587362333,0.09203516028871894,0.09203516028871894,0.0
26,43,2.5267043286398367,0.009908644426038575,0.009908644426038575,0.0
27,31,18.8765659675648,0.07402574889241097,0.07402574889241097,0.0
27,38,33.72413304201718,0.13225150212555756,0.13225150212555756,0.0
27,45,20.82028643315572,0.08164818209080674,0.08164818209080674,0.0
27,47,40.838448480077275,0.16015077835324423,0.16015077835324423,0.0
30,33,7.9658883706138806,0.031238777923976002,0.031238777923976002,0.0
30,34,23.008477492059527,0.09022932349827265,0.09022932349827265,0.0
30,41,97.43716309989306,0.382106521960365,0.382106521960365,0.0
31,38,15.900022431825267,0.06235302914441282,0.06235302914441282,0.0
31,44,34.78552033845635,0.13641380524884844,0.13641380524884844,0.0
32,42,100.09944350487137,0.3925468372740054,0.3925468372740054,0.0
33,41,89.53019915869092,0.3510988202301605,0.3510988202301605,0.0
33,43,0.91150425073531,0.003574526473471804,0.003574526473471804,0.0
33,53,73.5680466031449,0.2885021435417447,0.2885021435417447,0.0
33,59,61.72008363933623,0.2420395436836715,0.2420395436836715,0.0
34,41,74.50606735803326,0.2921806563060128,0.2921806563060128,0.0
37,40,27.908364153731362,0.10944456530875044,0.10944456530875044,0.0
38,44,49.88691803654264,0.1956349726923241,0.1956349726923241,0.0
38,45,13.004468455661314,0.05099791551239731,0.05099791551239731,0.0
39,42,84.20165773743592,0.3302025793624938,0.3302025793624938,0.0
40,46,52.50949216237756,0.205919577107363,0.205919577107363,0.0
40,49,71.19387990634073,0.27919168590721855,0.27919168590721855,0.0
40,50,74.15784947255504,0.2908150959708041,0.2908150959708041,0.0
42,50,58.41718998522881,0.2290870195499169,0.2290870195499169,0.0
42,51,46.01787505182401,0.18046225510519223,0.18046225510519223,0.0
42,55,39.9697481109909,0.15674411023918,0.15674411023918,0.0
43,44,25.701713397696093,0.10079103293214155,0.10079103293214155,0.0
43,54,64.23731993883945,0.2519110585836841,0.2519110585836841,0.0
43,52,56.116577610136595,0.22006501023582978,0.22006501023582978,0.0
43,59,61.31308460409465,0.24044346903566527,0.24044346903566527,0.0
44,45,36.98358116843331,0.14503365164091495,0.14503365164091495,0.0
44,48,38.18935313319043,0.1497621691497664,0.1497621691497664,0.0
44,52,39.03658086809152,0.1530846308552609,0.1530846308552609,0.0
45,47,55.68281174587828,0.2183639676308952,0.2183639676308952,0.0
45,48,65.24694442040389,0.2558703702760937,0.2558703702760937,0.0
46,49,20.227523224935776,0.07932362048994422,0.07932362048994422,0.0
46,60,70.08702005340004,0.2748510590329413,0.2748510590329413,0.0
47,48,12.127553965459622,0.047559035158665185,0.047559035158665185,0.0
47,57,109.03760105546215,0.42759843551161625,0.42759843551161625,0.0
48,52,2.6151248878483453,0.010255391717052335,0.010255391717052335,0.0
48,57,98.25125573988718,0.38529904211720467,0.38529904211720467,0.0
49,50,9.202945150469738,0.036089980982234274,0.036089980982234274,0.0
49,60,50.58449973723773,0.19837058720485384,0.19837058720485384,0.0
49,68,75.43326892549884,0.2958167408843092,0.2958167408843092,0.0
50,51,32.138492278644655,0.1260333030535085,0.1260333030535085,0.0
50,62,62.28879385645052,0.24426977982921771,0.24426977982921771,0.0
50,67,59.407688098399966,0.23297132587607833,0.23297132587607833,0.0
50,68,68.96982971835294,0.27046992046412915,0.27046992046412915,0.0
51,55,10.439823890478054,0.04094048584501198,0.04094048584501198,0.0
51,62,91.55345273161221,0.35903314796710667,0.35903314796710667,0.0
52,54,9.58813735042107,0.037600538629102224,0.037600538629102224,0.0
52,61,103.86403802760435,0.4073099530494289,0.4073099530494289,0.0
52,57,96.57993889364252,0.37874485840644123,0.37874485840644123,0.0
53,58,26.788147337774745,0.10505155818735194,0.10505155818735194,0.0
53,59,12.894158483534069,0.050565327386408114,0.050565327386408114,0.0
53,56,52.98766148072922,0.20779475090482044,0.20779475090482044,0.0
53,64,59.98688644536092,0.2352426919425919,0.2352426919425919,0.0
53,65,71.3985579108201,0.2799943447483142,0.2799943447483142,0.0
54,59,7.055454119429343,0.027668447527173894,0.027668447527173894,0.0
54,61,95.43836149922032,0.37426808431066794,0.37426808431066794,0.0
54,63,96.41152516558043,0.3780844124140409,0.3780844124140409,0.0
55,56,71.45557523179765,0.28021794208548106,0.28021794208548106,0.0
55,62,101.29569520038397,0.39723802039366257,0.39723802039366257,0.0
56,58,77.62808421964844,0.3044238596848959,0.3044238596848959,0.0
56,62,29.95230641389641,0.11746002515253494,0.11746002515253494,0.0
56,65,18.749647008830248,0.07352802748560881,0.07352802748560881,0.0
56,66,28.434950646168687,0.11150961037713213,0.11150961037713213,0.0
56,70,44.93179464860667,0.17620311626904578,0.17620311626904578,0.0
57,61,7.636774196578231,0.029948134104228356,0.029948134104228356,0.0
57,71,11.583607958031653,0.04542591356090844,0.04542591356090844,0.0
57,73,7.782458057130211,0.030519443361294946,0.030519443361294946,0.0
59,63,93.19402117774005,0.3654667497166277,0.3654667497166277,0.0
59,64,69.66524338235736,0.27319703287198965,0.27319703287198965,0.0
60,68,25.14337288040333,0.09860146227609147,0.09860146227609147,0.0
60,75,59.71656478180324,0.2341826069874637,0.2341826069874637,0.0
60,77,60.56790083743557,0.23752117975464931,0.23752117975464931,0.0
60,79,48.19309305671223,0.18899252179102832,0.18899252179102832,0.0
61,63,2.311065131134924,0.009063000514254606,0.009063000514254606,0.0
61,72,55.22233761547267,0.21655818672734375,0.21655818672734375,0.0
61,73,2.3337131538236213,0.009151816289504398,0.009151816289504398,0.0
62,66,2.139224666555292,0.008389116339432517,0.008389116339432517,0.0
62,67,2.8885402609313395,0.011327608866397408,0.011327608866397408,0.0
63,64,24.321816406215046,0.09537967218123548,0.09537967218123548,0.0
63,69,11.457048726506608,0.04492960284904553,0.04492960284904553,0.0
63,72,56.46896038841874,0.22144690348399512,0.22144690348399512,0.0
64,65,13.107623186413406,0.05140244386828786,0.05140244386828786,0.0
64,69,35.774198970383836,0.14029097635444637,0.14029097635444637,0.0
65,69,23.16825053175358,0.09085588443824931,0.09085588443824931,0.0
65,70,26.37381749854122,0.10342673528839696,0.10342673528839696,0.0
65,74,4.781917820871418,0.018752618905378104,0.018752618905378104,0.0
65,76,2.4370448002309866,0.009557038432278377,0.009557038432278377,0.0
66,70,16.59636059761103,0.06508376704945502,0.06508376704945502,0.0
66,67,2.0021715728691287,0.00785165322693776,0.00785165322693776,0.0
66,76,9.089501043945285,0.035645102133118764,0.035645102133118764,0.0
67,68,9.615998520746215,0.037709798120573394,0.037709798120573394,0.0
67,79,32.645488829810695,0.12802152482278703,0.12802152482278703,0.0
68,79,23.116994437914013,0.09065488014868242,0.09065488014868242,0.0
69,74,27.82266088027579,0.10910847404029722,0.10910847404029722,0.0
69,72,67.85877653018069,0.26611284913796357,0.26611284913796357,0.0
70,76,25.672559306705118,0.10067670316354947,0.10067670316354947,0.0
71,73,4.069373202158278,0.015958326282973636,0.015958326282973636,0.0
72,73,55.10882811154664,0.21611305141782997,0.21611305141782997,0.0
72,74,40.07637124768013,0.15716224018698088,0.15716224018698088,0.0
73,74,15.037155855266535,0.05896923864810405,0.05896923864810405,0.0
74,76,5.857052348460585,0.022968832739061116,0.022968832739061116,0.0
74,78,44.62698016014557,0.1750077653339042,0.1750077653339042,0.0
75,77,119.90123435756679,0.4702009190492816,0.4702009190492816,0.0
76,78,39.4449864134355,0.15468622122915882,0.15468622122915882,0.0
